USE CateringdelVia

INSERT INTO StaffPosition VALUES ('SP001', 'CEO')
INSERT INTO StaffPosition VALUES ('SP002', 'Secretary')
INSERT INTO StaffPosition VALUES ('SP003', 'Treasurer')
INSERT INTO StaffPosition VALUES ('SP004', 'Promotion')
INSERT INTO StaffPosition VALUES ('SP005', 'Marketing')
INSERT INTO StaffPosition VALUES ('SP006', 'Inventory Manager')
INSERT INTO StaffPosition VALUES ('SP007', 'Head Chef')
INSERT INTO StaffPosition VALUES ('SP008', 'Chef')
INSERT INTO StaffPosition VALUES ('SP009', 'Supervisor')
INSERT INTO StaffPosition VALUES ('SP010', 'Cashier')
--SELECT * FROM StaffPosition

INSERT INTO Staff VALUES ('ST001', 'Arni L.', 'SP001', 'Male', 'arni@gmail.com', '08000147', 'Kemanggisan', 5000000)
INSERT INTO Staff VALUES ('ST002', 'Benny C.', 'SP002', 'Male', 'benny@gmail.com', '08000230', 'Kemanggisan', 4000000)
INSERT INTO Staff VALUES ('ST003', 'Claudia A.', 'SP003', 'Female', 'claudia@yahoo.co.id', '08166738', 'Bogor', 3700000)
INSERT INTO Staff VALUES ('ST004', 'David R.', 'SP004', 'Male', 'david@yahoo.com', '08156032', 'Bandung', 3500000)
INSERT INTO Staff VALUES ('ST005', 'Elisa F.', 'SP005', 'Female', 'elisa@yahoo.com', '08155737', 'Medan', 3400000)
INSERT INTO Staff VALUES ('ST006', 'Ferris A.', 'SP006', 'Female', 'ferris@yahoo.co.id', '08156899', 'Tangerang', 3200000)
INSERT INTO Staff VALUES ('ST007', 'Glen G.', 'SP007', 'Male', 'glen@gmail.com', '08166420', 'Depok', 3000000)
INSERT INTO Staff VALUES ('ST008', 'Harris E.', 'SP008', 'Male', 'harris@yahoo.co.id', '08178554', 'Tangerang', 2500000)
INSERT INTO Staff VALUES ('ST009', 'Ivy R.', 'SP008', 'Female', 'ivy@gmail.com', '08155397', 'Kemanggisan', 2500000)
INSERT INTO Staff VALUES ('ST010', 'Jasmine B.', 'SP009', 'Female', 'jasmine@gmail.com', '08166848', 'Bogor', 2700000)
INSERT INTO Staff VALUES ('ST011', 'Khalifa D.', 'SP010', 'Male', 'khalifa@yahoo.com', '08155278', 'Makassar', 2000000)
INSERT INTO Staff VALUES ('ST012', 'Lisa V.', 'SP010', 'Female', 'lisa@yahoo.co.id', '08155978', 'Bandung', 2000000)
INSERT INTO Staff VALUES ('ST013', 'Mario N.', 'SP010', 'Male', 'mario@gmail.com', '08156714', 'Medan', 1400000)
--SELECT * FROM Staff

INSERT INTO Vendor VALUES ('VE001', 'PT. Harapan', '08100587', 'Kemanggisan')
INSERT INTO Vendor VALUES ('VE002', 'PT. IndoKatering', '08100222', 'Bandung')
INSERT INTO Vendor VALUES ('VE003', 'PT. Crystal', '08178653', 'Medan')
INSERT INTO Vendor VALUES ('VE004', 'PT. Alma', '08200878', 'Makassar')
INSERT INTO Vendor VALUES ('VE005', 'PT. RagamLokal', '08166486', 'Tangerang')
--SELECT * FROM Vendor

INSERT INTO Ingredient VALUES ('ID001', 'Tomat', 700, 4000)
INSERT INTO Ingredient VALUES ('ID002', 'Kol', 500, 7500)
INSERT INTO Ingredient VALUES ('ID003', 'Daging Ayam', 480, 15000)
INSERT INTO Ingredient VALUES ('ID004', 'Daging Sapi', 240, 24000)
INSERT INTO Ingredient VALUES ('ID005', 'Kacang Panjang', 250, 5000)
INSERT INTO Ingredient VALUES ('ID006', 'Wortel', 500, 4000)
INSERT INTO Ingredient VALUES ('ID007', 'Kentang', 200, 5500)
INSERT INTO Ingredient VALUES ('ID008', 'Jagung', 400, 4500)
INSERT INTO Ingredient VALUES ('ID009', 'Tepung Terigu', 700, 10000)
INSERT INTO Ingredient VALUES ('ID010', 'Kerupuk', 150, 6000)
--SELECT * FROM Ingredient

INSERT INTO PurchaseTransaction VALUES ('PU001', 'ST011', 'VE001', '2020-12-9')
INSERT INTO PurchaseList VALUES ('PU001', 'ID001', 100)
INSERT INTO PurchaseList VALUES ('PU001', 'ID002', 85)
INSERT INTO PurchaseList VALUES ('PU001', 'ID006', 95)
INSERT INTO PurchaseTransaction VALUES ('PU002', 'ST012', 'VE002', '2020-12-9')
INSERT INTO PurchaseList VALUES ('PU002', 'ID003', 30)
INSERT INTO PurchaseList VALUES ('PU002', 'ID004', 30)
INSERT INTO PurchaseTransaction VALUES ('PU003', 'ST013', 'VE003', '2020-12-9')
INSERT INTO PurchaseList VALUES ('PU003', 'ID010', 60)
INSERT INTO PurchaseTransaction VALUES ('PU004', 'ST011', 'VE004', '2020-12-9')
INSERT INTO PurchaseList VALUES ('PU004', 'ID004', 45)
INSERT INTO PurchaseList VALUES ('PU004', 'ID005', 20)
INSERT INTO PurchaseList VALUES ('PU004', 'ID007', 50)
INSERT INTO PurchaseTransaction VALUES ('PU005', 'ST013', 'VE005', '2020-12-9')
INSERT INTO PurchaseList VALUES ('PU005', 'ID002', 60)
INSERT INTO PurchaseList VALUES ('PU005', 'ID005', 40)
INSERT INTO PurchaseTransaction VALUES ('PU006', 'ST011', 'VE003', '2020-12-10')
INSERT INTO PurchaseList VALUES ('PU006', 'ID003', 30)
INSERT INTO PurchaseList VALUES ('PU006', 'ID005', 50)
INSERT INTO PurchaseList VALUES ('PU006', 'ID009', 65)
INSERT INTO PurchaseTransaction VALUES ('PU007', 'ST012', 'VE004', '2020-12-10')
INSERT INTO PurchaseList VALUES ('PU007', 'ID001', 20)
INSERT INTO PurchaseTransaction VALUES ('PU008', 'ST013', 'VE001', '2020-12-10')
INSERT INTO PurchaseList VALUES ('PU008', 'ID008', 70)
INSERT INTO PurchaseTransaction VALUES ('PU009', 'ST012', 'VE002', '2020-12-11')
INSERT INTO PurchaseList VALUES ('PU009', 'ID008', 25)
INSERT INTO PurchaseList VALUES ('PU009', 'ID009', 50)
INSERT INTO PurchaseTransaction VALUES ('PU010', 'ST013', 'VE005', '2020-12-11')
INSERT INTO PurchaseList VALUES ('PU010', 'ID008', 35)
INSERT INTO PurchaseTransaction VALUES ('PU011', 'ST011', 'VE001', '2020-12-12')
INSERT INTO PurchaseList VALUES ('PU011', 'ID002', 15)
INSERT INTO PurchaseList VALUES ('PU011', 'ID007', 45)
INSERT INTO PurchaseTransaction VALUES ('PU012', 'ST012', 'VE003', '2020-12-12')
INSERT INTO PurchaseList VALUES ('PU012', 'ID001', 20)
INSERT INTO PurchaseTransaction VALUES ('PU013', 'ST011', 'VE004', '2020-12-13')
INSERT INTO PurchaseList VALUES ('PU013', 'ID003', 15)
INSERT INTO PurchaseList VALUES ('PU013', 'ID009', 10)
INSERT INTO PurchaseTransaction VALUES ('PU014', 'ST013', 'VE005', '2020-12-14')
INSERT INTO PurchaseList VALUES ('PU014', 'ID001', 30)
INSERT INTO PurchaseList VALUES ('PU014', 'ID007', 55)
INSERT INTO PurchaseTransaction VALUES ('PU015', 'ST012', 'VE002', '2020-12-14')
INSERT INTO PurchaseList VALUES ('PU015', 'ID003', 20)
--SELECT * FROM PurchaseTransaction
--SELECT * FROM PurchaseList

INSERT INTO Customer VALUES ('CU001', 'Andreas', '08166558', 'Jakarta Utara', 'Male', 'andreas@yahoo.com')
INSERT INTO Customer VALUES ('CU002', 'Bianca', '08248546', 'Bekasi', 'Female', 'bianca@gmail.com')
INSERT INTO Customer VALUES ('CU003', 'Citra', '08155649', 'Medan', 'Female', 'citra@yahoo.co.id')
INSERT INTO Customer VALUES ('CU004', 'Dimas', '08166164', 'Tangerang', 'Male', 'dimas@yahoo.co.id')
INSERT INTO Customer VALUES ('CU005', 'Erik', '08165680', 'Bandung', 'Male', 'erik@gmail.com')
INSERT INTO Customer VALUES ('CU006', 'Fil', '08202167', 'Bekasi', 'Male', 'fill@yahoo.com')
INSERT INTO Customer VALUES ('CU007', 'Grace', '08166040', 'Jakarta Utara', 'Female', 'grace@gmail.com')
INSERT INTO Customer VALUES ('CU008', 'Hilbert', '08187108', 'Kemanggisan', 'Male', 'hilbert@yahoo.com')
INSERT INTO Customer VALUES ('CU009', 'Ian', '08233963', 'Makassar', 'Male', 'ian@yahoo.co.id')
INSERT INTO Customer VALUES ('CU010', 'Jean', '08248601', 'Bali', 'Male', 'jean@gmail.com')
--SELECT * FROM Customer

INSERT INTO Menu VALUES ('ME001', 'Mix Salad', 'Makanan yang dibuat dengan berbagai macam sayuran', 12000)
INSERT INTO Menu VALUES ('ME002', 'Nasi Kotak', 'Berisi nasi, ayam, sayuran dan kerupuk', 14000)
INSERT INTO Menu VALUES ('ME003', 'Bakwan Jagung', 'Menggunakan tepung terigu dan jagung', 15000)
INSERT INTO Menu VALUES ('ME004', 'French Fries', 'Kentang tipis deep-fried', 8000)
INSERT INTO Menu VALUES ('ME005', 'Sup Ayam', 'Sup kaldu ayam dengan wortel, kacang panjang, jagung dan potongan ayam', 10000)
INSERT INTO Menu VALUES ('ME006', 'Steak Sapi', 'Daging sapi dibakar dengan saus', 22000)
INSERT INTO Menu VALUES ('ME007', 'Ayam Goreng Asam Manis', 'Ayam balut tepung yang digoreng dan diberi saus asam manis', 18000)
INSERT INTO Menu VALUES ('ME008', 'Perkedel', 'Kentang yang dihaluskan dan digoreng', 3000)
INSERT INTO Menu VALUES ('ME009', 'Bakwan', 'Berisi sayuran yang digoreng dengan tepung', 3500)
INSERT INTO Menu VALUES ('ME010', 'Kerupuk', 'Tambahan untuk makanan lainnya', 4000)
--SELECT * FROM Menu

INSERT INTO ServiceTransaction VALUES ('TR001', 'ST012', 'CU001', '2020-5-9', 'Take Out', 'Jakarta Utara')
INSERT INTO ServiceList VALUES ('TR001', 'ME001', 5)
INSERT INTO ServiceList VALUES ('TR001', 'ME007', 3)
INSERT INTO ServiceTransaction VALUES ('TR002', 'ST011', 'CU002', '2020-5-10', 'Delivery', 'Bekasi')
INSERT INTO ServiceList VALUES ('TR002', 'ME002', 20)
INSERT INTO ServiceList VALUES ('TR002', 'ME005', 20)
INSERT INTO ServiceList VALUES ('TR002', 'ME010', 20)
INSERT INTO ServiceTransaction VALUES ('TR003', 'ST013', 'CU003', '2020-5-28', 'Delivery', 'Medan')
INSERT INTO ServiceList VALUES ('TR003', 'ME007', 6)
INSERT INTO ServiceList VALUES ('TR003', 'ME009', 20)
INSERT INTO ServiceTransaction VALUES ('TR004', 'ST011', 'CU004', '2020-6-8', 'Take Out', 'Kemanggisan')
INSERT INTO ServiceList VALUES ('TR004', 'ME001', 3)
INSERT INTO ServiceTransaction VALUES ('TR005', 'ST013', 'CU005', '2020-6-14', 'Delivery', 'Bandung')
INSERT INTO ServiceList VALUES ('TR005', 'ME005', 30)
INSERT INTO ServiceList VALUES ('TR005', 'ME007', 25)
INSERT INTO ServiceList VALUES ('TR005', 'ME010', 40)
INSERT INTO ServiceTransaction VALUES ('TR006', 'ST012', 'CU006', '2020-7-10', 'Delivery', 'Bekasi')
INSERT INTO ServiceList VALUES ('TR006', 'ME006', 15)
INSERT INTO ServiceTransaction VALUES ('TR007', 'ST012', 'CU007', '2020-8-4', 'Delivery', 'Jakarta Utara')
INSERT INTO ServiceList VALUES ('TR007', 'ME004', 20)
INSERT INTO ServiceList VALUES ('TR007', 'ME006', 20)
INSERT INTO ServiceTransaction VALUES ('TR008', 'ST011', 'CU008', '2020-8-16', 'Take Out', 'Kemanggisan')
INSERT INTO ServiceList VALUES ('TR008', 'ME003', 8)
INSERT INTO ServiceList VALUES ('TR008', 'ME009', 7)
INSERT INTO ServiceTransaction VALUES ('TR009', 'ST011', 'CU009', '2020-9-12', 'Delivery', 'Makassar')
INSERT INTO ServiceList VALUES ('TR009', 'ME007', 10)
INSERT INTO ServiceList VALUES ('TR009', 'ME008', 25)
INSERT INTO ServiceTransaction VALUES ('TR010', 'ST012', 'CU010', '2020-9-25', 'Delivery', 'Bali')
INSERT INTO ServiceList VALUES ('TR010', 'ME002', 30)
INSERT INTO ServiceList VALUES ('TR010', 'ME008', 20)
INSERT INTO ServiceList VALUES ('TR010', 'ME009', 25)
INSERT INTO ServiceTransaction VALUES ('TR011', 'ST013', 'CU003', '2020-10-29', 'Delivery', 'Medan')
INSERT INTO ServiceList VALUES ('TR011', 'ME007', 5)
INSERT INTO ServiceTransaction VALUES ('TR012', 'ST013', 'CU004', '2020-11-13', 'Delivery', 'Tangerang')
INSERT INTO ServiceList VALUES ('TR012', 'ME002', 120)
INSERT INTO ServiceList VALUES ('TR012', 'ME010', 120)
INSERT INTO ServiceTransaction VALUES ('TR013', 'ST011', 'CU005', '2020-11-20', 'Delivery', 'Bandung')
INSERT INTO ServiceList VALUES ('TR013', 'ME001', 10)
INSERT INTO ServiceTransaction VALUES ('TR014', 'ST012', 'CU001', '2020-12-9', 'Delivery', 'Tangerang')
INSERT INTO ServiceList VALUES ('TR014', 'ME001', 6)
INSERT INTO ServiceList VALUES ('TR014', 'ME004', 6)
INSERT INTO ServiceTransaction VALUES ('TR015', 'ST013', 'CU008', '2020-12-14', 'Take Out', 'Kemanggisan')
INSERT INTO ServiceList VALUES ('TR015', 'ME008', 10)
--SELECT * FROM ServiceTransaction
--SELECT * FROM ServiceList